Heuristic,N,CreationTime,UsagePercentage,QueriesTime,DiscAccess
Linear Split,262144,15012,0.6339050897277227,216212,0
Greene Split,262144,16352,0.6810926072140957,46629,0
