Heuristic,N,CreationTime,UsagePercentage,QueriesTime,DiscAccess
Linear Split,8192,6136,0.50018310546875,503076,3471850
Greene Split,8192,6874,0.50018310546875,335989,2197540
