Heuristic,N,CreationTime,UsagePercentage,QueriesTime,DiscAccess
Linear Split,16384,22109,0.5716378348214286,1358642,9348610
Greene Split,16384,23093,0.5716378348214286,718535,4680357
