Heuristic,N,CreationTime,UsagePercentage,QueriesTime,DiscAccess
Linear Split,16384,1047895,0.5716378348214286,1871235,13118912
Greene Split,16384,1142778,0.6668701171875,1030058,5801379
