Heuristic,N,CreationTime,UsagePercentage,QueriesTime,DiscAccess
Linear Split,16384,14105,0.6668701171875,912729,5951913
Greene Split,16384,5772,0.5716378348214286,306730,1958642
